image_ID,Path
frame0,Tomandjerry
frame1,Tomandjerry
frame2,Tomandjerry
frame3,Tomandjerry
frame4,Tomandjerry
frame5,Tomandjerry
frame6,Tomandjerry
frame7,Tomandjerry
frame8,Tomandjerry
frame9,Tomandjerry
frame10,Tomandjerry
frame11,Tomandjerry
frame12,Tomandjerry
frame13,Tomandjerry
frame14,Tomandjerry
frame15,Tomandjerry
frame16,Tomandjerry
frame17,Tomandjerry
frame18,Tomandjerry
frame19,Tomandjerry
frame20,Tomandjerry
frame21,Tomandjerry
frame22,Tomandjerry
frame23,Tomandjerry
frame24,Tomandjerry
frame25,Tomandjerry
frame26,Tomandjerry
frame27,Tomandjerry
frame28,Tomandjerry
frame29,Tomandjerry
frame30,Tomandjerry
frame31,Tomandjerry
frame32,Tomandjerry
frame33,Tomandjerry
frame34,Tomandjerry
frame35,Tomandjerry
frame36,Tomandjerry
frame37,Tomandjerry
frame38,Tomandjerry
frame39,Tomandjerry
frame40,Tomandjerry
frame41,Tomandjerry
frame42,Tomandjerry
frame43,Tomandjerry
frame44,Tomandjerry
frame45,Tomandjerry
frame46,Tomandjerry
frame47,Tomandjerry
frame48,Tomandjerry
frame49,Tomandjerry
frame50,Tomandjerry
frame51,Tomandjerry
frame52,Tomandjerry
frame53,Tomandjerry
frame54,Tomandjerry
frame55,Tomandjerry
frame56,Tomandjerry
frame57,Tomandjerry
frame58,Tomandjerry
frame59,Tomandjerry
frame60,Tomandjerry
frame61,Tomandjerry
frame62,Tomandjerry
frame63,Tomandjerry
frame64,Tomandjerry
frame65,Tomandjerry
frame66,Tomandjerry
frame67,Tomandjerry
frame68,Tomandjerry
frame69,Tomandjerry
frame70,Tomandjerry
frame71,Tomandjerry
frame72,Tomandjerry
frame73,Tomandjerry
frame74,Tomandjerry
frame75,Tomandjerry
frame76,Tomandjerry
frame77,Tomandjerry
frame78,Tomandjerry
frame79,Tomandjerry
frame80,Tomandjerry
frame81,Tomandjerry
frame82,Tomandjerry
frame83,Tomandjerry
frame84,Tomandjerry
frame85,Tomandjerry
frame86,Tomandjerry
frame87,Tomandjerry
frame88,Tomandjerry
frame89,Tomandjerry
frame90,Tomandjerry
frame91,Tomandjerry
frame92,Tomandjerry
frame93,Tomandjerry
frame94,Tomandjerry
frame95,Tomandjerry
frame96,Tomandjerry
frame97,Tomandjerry
frame98,Tomandjerry
frame99,Tomandjerry
frame100,Tomandjerry
frame101,Tomandjerry
frame102,Tomandjerry
frame103,Tomandjerry
frame104,Tomandjerry
frame105,Tomandjerry
frame106,Tomandjerry
frame107,Tomandjerry
frame108,Tomandjerry
frame109,Tomandjerry
frame110,Tomandjerry
frame111,Tomandjerry
frame112,Tomandjerry
frame113,Tomandjerry
frame114,Tomandjerry
frame115,Tomandjerry
frame116,Tomandjerry
frame117,Tomandjerry
frame118,Tomandjerry
frame119,Tomandjerry
frame120,Tomandjerry
frame121,Tomandjerry
frame122,Tomandjerry
frame123,Tomandjerry
frame124,Tomandjerry
frame125,Tomandjerry
frame126,Tomandjerry
frame127,Tomandjerry
frame128,Tomandjerry
frame129,Tomandjerry
frame130,Tomandjerry
frame131,Tomandjerry
frame132,Tomandjerry
frame133,Tomandjerry
frame134,Tomandjerry
frame135,Tomandjerry
frame136,Tomandjerry
frame137,Tomandjerry
frame138,Tomandjerry
frame139,Tomandjerry
frame140,Tomandjerry
frame141,Tomandjerry
frame142,Tomandjerry
frame143,Tomandjerry
frame144,Tomandjerry
frame145,Tomandjerry
frame146,Tomandjerry
frame147,Tomandjerry
frame148,Tomandjerry
frame149,Tomandjerry
frame150,Tomandjerry
frame151,Tomandjerry
frame152,Tomandjerry
frame153,Tomandjerry
frame154,Tomandjerry
frame155,Tomandjerry
frame156,Tomandjerry
frame157,Tomandjerry
frame158,Tomandjerry
frame159,Tomandjerry
frame160,Tomandjerry
frame161,Tomandjerry
frame162,Tomandjerry
frame163,Tomandjerry
frame164,Tomandjerry
frame165,Tomandjerry
frame166,Tomandjerry
frame167,Tomandjerry
frame168,Tomandjerry
frame169,Tomandjerry
frame170,Tomandjerry
frame171,Tomandjerry
frame172,Tomandjerry
frame173,Tomandjerry
frame174,Tomandjerry
frame175,Tomandjerry
frame176,Tomandjerry
frame177,Tomandjerry
frame178,Tomandjerry
frame179,Tomandjerry
frame180,Tomandjerry
frame181,Tomandjerry
frame182,Tomandjerry
frame183,Tomandjerry
frame184,Tomandjerry
frame185,Tomandjerry
frame186,Tomandjerry
frame187,Tomandjerry
frame188,Tomandjerry
frame189,Tomandjerry
frame190,Tomandjerry
frame191,Tomandjerry
frame192,Tomandjerry
frame193,Tomandjerry
frame194,Tomandjerry
frame195,Tomandjerry
frame196,Tomandjerry
frame197,Tomandjerry
frame198,Tomandjerry
frame199,Tomandjerry
frame200,Tomandjerry
frame201,Tomandjerry
frame202,Tomandjerry
frame203,Tomandjerry
frame204,Tomandjerry
frame205,Tomandjerry
frame206,Tomandjerry
frame207,Tomandjerry
frame208,Tomandjerry
frame209,Tomandjerry
frame210,Tomandjerry
frame211,Tomandjerry
frame212,Tomandjerry
frame213,Tomandjerry
frame214,Tomandjerry
frame215,Tomandjerry
frame216,Tomandjerry
frame217,Tomandjerry
frame218,Tomandjerry
frame219,Tomandjerry
frame220,Tomandjerry
frame221,Tomandjerry
frame222,Tomandjerry
